feature_time_wib,sym,dir,venue,hit,pnl,btc_ctx_time_wib,btc_regime,btc_confidence,btc_syn_score,btc_fng,btc_funding,btc_oi_usd,btc_etf_bias,btc_rsi,ctx_lag_s
2026-07-10 08:17:04,ARB,LONG,futures,EXPIRED,EXPIRED,,,,,,,,,,
2026-07-10 08:58:46,AAVE,LONG,futures,EXPIRED,EXPIRED,,,,,,,,,,
2026-07-10 09:31:20,ZEC,LONG,futures,EXPIRED,EXPIRED,,,,,,,,,,
2026-07-10 18:01:58,BCH,LONG,futures,EXPIRED,EXPIRED,,,,,,,,,,
2026-07-11 04:46:16,UNI,LONG,futures,EXPIRED,EXPIRED,,,,,,,,,,
2026-07-11 08:16:17,ENA,LONG,futures,EXPIRED,0.0,,,,,,,,,,
2026-07-11 08:16:17,VIRTUAL,LONG,futures,TP1,47.91,,,,,,,,,,
2026-07-11 11:05:57,BTC,LONG,futures,MANUAL_EXIT,124.01,,,,,,,,,,
2026-07-11 17:09:26,HBAR,SHORT,futures,EXPIRED,0.0,,,,,,,,,,
2026-07-11 17:16:30,VIRTUAL,LONG,futures,TP1,25.0,,,,,,,,,,
2026-07-11 17:31:11,VIRTUAL,LONG,futures,SL,-10.0,,,,,,,,,,
2026-07-11 18:11:15,BTC,SHORT,futures,EXPIRED,0.0,,,,,,,,,,
2026-07-11 18:11:16,CRV,SHORT,futures,SL,-9.8,,,,,,,,,,
2026-07-11 20:03:27,WLD,LONG,futures,SL,-10.0,,,,,,,,,,
2026-07-11 21:32:01,ARB,LONG,futures,SL,-10.0,,,,,,,,,,
2026-07-11 22:46:09,ARB,LONG,futures,SL,-10.0,,,,,,,,,,
2026-07-11 23:05:19,AAVE,LONG,futures,SL,-10.0,,,,,,,,,,
2026-07-12 04:16:28,ZEC,LONG,futures,SL,-10.0,,,,,,,,,,
2026-07-12 05:02:28,UNI,LONG,futures,SL,-10.0,,,,,,,,,,
2026-07-12 23:49:26,XRP,SHORT,,EXPIRED,0.0,,,,,,,,,,
2026-08-02 08:20:29,NVDAB,SHORT,futures,DRIFT,-2.89,,,,,,,,,,
2026-08-03 00:45:39,BTC,SHORT,futures,DRIFT,-0.01,,,,,,,,,,
2026-08-03 04:05:09,TRX,LONG,futures,EXPIRED,0,,,,,,,,,,
2026-08-03 08:45:52,BTC,SHORT,futures,DRIFT,0.37,,,,,,,,,,
2026-08-06 17:34:08,BNB,LONG,futures,DRIFT,-0.25,,,,,,,,,,
2026-08-06 18:02:09,ZEC,LONG,futures,TP1,5.0,,,,,,,,,,
2026-08-06 19:37:15,NVDAB,SHORT,futures,DRIFT,-0.33,,,,,,,,,,
2026-08-06 21:30:56,BTC,SHORT,futures,DRIFT,-1.01,,,,,,,,,,
2026-08-06 22:36:22,ZBT,SHORT,futures,SL,-9.8,,,,,,,,,,
2026-08-06 22:36:25,BICO,SHORT,futures,SL,-9.8,,,,,,,,,,
2026-08-06 23:06:42,ZBT,SHORT,futures,SL,-9.8,,,,,,,,,,
2026-08-06 23:06:55,ZRO,SHORT,futures,DRIFT,-1.55,,,,,,,,,,
2026-08-06 23:06:57,ZEC,SHORT,futures,SL,-11.25,,,,,,,,,,
2026-08-06 23:36:16,ZBT,SHORT,futures,DRIFT,9.32,,,,,,,,,,
2026-08-06 23:36:29,ZEC,SHORT,futures,SL,-11.25,,,,,,,,,,
2026-08-07 00:05:58,BICO,SHORT,futures,SL,-9.8,,,,,,,,,,
2026-08-07 00:06:10,ZEC,SHORT,futures,SL,-11.25,,,,,,,,,,
2026-08-07 00:18:02,COOKIE,SHORT,futures,DRIFT,2.1,,,,,,,,,,
2026-08-07 00:18:05,RESOLV,SHORT,futures,DRIFT,-9.86,,,,,,,,,,
2026-08-07 00:18:14,ACT,SHORT,futures,DRIFT,-1.63,,,,,,,,,,
2026-08-07 00:18:16,DIA,SHORT,futures,DRIFT,-5.05,,,,,,,,,,
2026-08-07 00:36:35,RESOLV,SHORT,futures,SL,-9.8,,,,,,,,,,
2026-08-07 00:36:42,ACT,SHORT,futures,DRIFT,-2.51,,,,,,,,,,
2026-08-07 00:36:44,DIA,SHORT,futures,DRIFT,0.53,,,,,,,,,,
2026-08-07 00:36:46,ZEC,SHORT,futures,SL,-11.25,,,,,,,,,,
2026-08-07 01:06:07,COOKIE,SHORT,futures,SL,-9.8,,,,,,,,,,
2026-08-07 01:06:09,RESOLV,SHORT,futures,SL,-9.8,,,,,,,,,,
2026-08-07 01:06:17,ACT,SHORT,futures,SL,-9.8,,,,,,,,,,
2026-08-07 01:06:20,ZEC,SHORT,futures,SL,-11.25,,,,,,,,,,
2026-08-07 01:35:34,COOKIE,SHORT,futures,SL,-9.8,,,,,,,,,,
2026-08-07 01:35:36,RESOLV,SHORT,futures,SL,-9.8,,,,,,,,,,
2026-08-07 01:35:47,ZEC,SHORT,futures,SL,-11.25,,,,,,,,,,
2026-08-07 02:05:59,ATOM,LONG,futures,SL,-2.5,,,,,,,,,,
2026-08-07 02:06:10,COOKIE,SHORT,futures,SL,-9.8,,,,,,,,,,
2026-08-07 02:06:12,RESOLV,SHORT,futures,SL,-9.8,,,,,,,,,,
2026-08-07 02:06:14,AXS,SHORT,futures,DRIFT,-0.71,,,,,,,,,,
2026-08-07 02:06:20,ACT,SHORT,futures,SL,-9.8,,,,,,,,,,
2026-08-07 02:06:24,ZEC,SHORT,futures,SL,-11.25,,,,,,,,,,
2026-08-07 02:34:15,COOKIE,SHORT,futures,SL,-9.8,,,,,,,,,,
2026-08-07 02:34:17,RESOLV,SHORT,futures,SL,-9.8,,,,,,,,,,
2026-08-07 02:34:24,ACT,SHORT,futures,SL,-9.8,,,,,,,,,,
2026-08-07 02:34:28,ZEC,SHORT,futures,SL,-11.25,,,,,,,,,,
2026-08-07 03:07:11,COOKIE,SHORT,futures,SL,-9.8,,,,,,,,,,
2026-08-07 03:07:20,ACT,SHORT,futures,SL,-9.8,,,,,,,,,,
2026-08-07 03:07:24,ZEC,SHORT,futures,SL,-11.25,,,,,,,,,,
2026-08-07 03:34:21,COOKIE,SHORT,futures,SL,-9.8,,,,,,,,,,
2026-08-07 03:34:23,RESOLV,SHORT,futures,DRIFT,0.38,,,,,,,,,,
2026-08-07 03:34:30,ACT,SHORT,futures,SL,-9.8,,,,,,,,,,
2026-08-07 03:34:33,ZEC,SHORT,futures,SL,-11.25,,,,,,,,,,
2026-08-07 04:03:52,COOKIE,SHORT,futures,SL,-9.8,,,,,,,,,,
2026-08-07 04:04:01,ACT,SHORT,futures,SL,-9.8,,,,,,,,,,
2026-08-07 04:04:05,ZEC,SHORT,futures,SL,-11.25,,,,,,,,,,
2026-08-07 04:17:08,PLUME,SHORT,futures,DRIFT,-1.39,,,,,,,,,,
2026-08-07 04:17:11,ROBO,SHORT,futures,DRIFT,-1.97,,,,,,,,,,
2026-08-07 04:17:13,ENSO,SHORT,futures,DRIFT,1.61,,,,,,,,,,
2026-08-07 04:34:13,COOKIE,SHORT,futures,DRIFT,2.1,,,,,,,,,,
2026-08-07 04:34:15,ACT,SHORT,futures,SL,-9.8,,,,,,,,,,
2026-08-07 04:34:25,ZEC,SHORT,futures,SL,-11.25,,,,,,,,,,
2026-08-07 05:03:49,PLUME,SHORT,futures,DRIFT,0.15,,,,,,,,,,
2026-08-07 05:03:55,ZEC,SHORT,futures,SL,-11.25,,,,,,,,,,
2026-08-07 05:34:16,ZEC,SHORT,futures,SL,-11.25,,,,,,,,,,
2026-08-07 06:04:12,ZEC,SHORT,futures,SL,-11.25,,,,,,,,,,
2026-08-07 06:34:09,ZEC,SHORT,futures,SL,-11.25,,,,,,,,,,
2026-08-07 07:06:06,AXS,SHORT,futures,DRIFT,-1.25,,,,,,,,,,
2026-08-07 07:06:08,PLUME,SHORT,futures,DRIFT,2.88,,,,,,,,,,
2026-08-07 07:06:12,ENSO,SHORT,futures,DRIFT,-1.36,,,,,,,,,,
2026-08-07 07:06:14,ZEC,SHORT,futures,SL,-11.25,,,,,,,,,,
2026-08-07 07:34:23,PLUME,SHORT,futures,DRIFT,-2.16,,,,,,,,,,
2026-08-07 08:04:45,AXS,SHORT,futures,DRIFT,-0.11,,,,,,,,,,
2026-08-07 08:04:47,PLUME,SHORT,futures,DRIFT,-0.22,,,,,,,,,,
2026-08-07 08:04:51,ENSO,SHORT,futures,DRIFT,-1.88,,,,,,,,,,
2026-08-07 08:04:53,ZEC,SHORT,futures,SL,-11.25,,,,,,,,,,
2026-08-07 08:17:14,STG,SHORT,futures,DRIFT,6.48,,,,,,,,,,
2026-08-07 08:17:17,ZBT,SHORT,futures,SL,-9.8,,,,,,,,,,
2026-08-07 08:34:30,ZBT,SHORT,futures,DRIFT,-6.37,,,,,,,,,,
2026-08-07 08:34:51,ZEC,SHORT,futures,SL,-11.25,,,,,,,,,,
2026-08-07 08:56:10,CRV,SHORT,futures,DRIFT,-0.4,,,,,,,,,,
2026-08-07 09:35:34,RUNE,LONG,futures,DRIFT,0.74,,,,,,,,,,
2026-08-07 12:17:22,ACE,SHORT,futures,SL,-9.8,,,,,,,,,,
2026-08-07 12:17:27,XAI,SHORT,futures,SL,-6.64,,,,,,,,,,
2026-08-07 12:17:35,AXTIB,SHORT,futures,SL,-9.8,,,,,,,,,,
2026-08-07 13:04:54,XAUT,SHORT,futures,TIME_EXIT,-4.61,,,,,,,,,,
2026-08-07 13:04:56,PAXG,SHORT,futures,TIME_EXIT,-4.47,,,,,,,,,,
2026-08-07 13:05:03,OPEN,SHORT,futures,TIME_EXIT,1.31,,,,,,,,,,
2026-08-07 16:17:27,C98,SHORT,futures,SL,-9.8,,,,,,,,,,
2026-08-07 16:17:32,SAGA,SHORT,futures,SL,-9.8,,,,,,,,,,
2026-08-07 16:17:35,ALLO,SHORT,futures,SL,-9.8,,,,,,,,,,
2026-08-07 16:17:37,ENA,SHORT,futures,TP1,26.32,,,,,,,,,,
2026-08-07 16:17:42,TST,SHORT,futures,SL,-9.8,,,,,,,,,,
2026-08-07 20:35:40,TUT,SHORT,futures,SL,-9.8,,,,,,,,,,
2026-08-07 21:35:27,DOT,SHORT,futures,DRIFT,-0.98,,,,,,,,,,
2026-08-07 21:45:47,BTC,SHORT,futures,EXPIRED,EXPIRED,,,,,,,,,,
2026-08-08 00:06:17,BICO,SHORT,futures,TP1,26.32,,,,,,,,,,
2026-08-08 00:06:27,SPCXB,SHORT,futures,SL,-9.8,,,,,,,,,,
2026-08-08 00:06:29,NIL,SHORT,futures,SL,-9.8,,,,,,,,,,
2026-08-08 04:18:00,BROCCOLI714,SHORT,futures,TP1,26.32,,,,,,,,,,
2026-08-08 04:18:04,TWT,SHORT,futures,TIME_EXIT,-3.76,,,,,,,,,,
2026-08-08 04:35:45,CRCLB,SHORT,futures,TIME_EXIT,-5.91,,,,,,,,,,
2026-08-08 08:06:27,ZRO,SHORT,futures,TIME_EXIT,-4.64,,,,,,,,,,
2026-08-08 08:06:33,BIO,SHORT,futures,TIME_EXIT,10.39,,,,,,,,,,
2026-08-08 12:07:45,PLTRB,SHORT,futures,TIME_EXIT,-1.09,,,,,,,,,,
2026-08-08 12:35:28,AXTIB,SHORT,futures,TIME_EXIT,-3.65,,,,,,,,,,
2026-08-08 16:18:15,BOME,SHORT,futures,TIME_EXIT,-1.37,,,,,,,,,,
2026-08-08 16:18:17,CRV,SHORT,futures,TIME_EXIT,-2.83,,,,,,,,,,
2026-08-08 20:17:12,AVNT,SHORT,futures,SL,-9.8,,,,,,,,,,
2026-08-08 20:17:15,1MBABYDOGE,SHORT,futures,SL,-9.8,,,,,,,,,,
2026-08-09 03:37:03,MUBARAK,SHORT,futures,SL,-9.8,,,,,,,,,,
2026-08-09 04:06:19,GLMR,SHORT,futures,TP1,26.32,,,,,,,,,,
2026-08-09 04:34:01,BROCCOLI714,SHORT,futures,SL,-9.8,,,,,,,,,,
2026-08-09 06:36:02,TOWNS,SHORT,futures,SL,-9.8,,,,,,,,,,
2026-08-09 06:36:04,C,SHORT,futures,SL,-9.8,,,,,,,,,,
2026-08-09 08:06:11,BANANAS31,SHORT,futures,SL,-9.8,,,,,,,,,,
2026-08-09 08:17:26,BICO,SHORT,futures,SL,-9.8,,,,,,,,,,
2026-08-09 08:17:33,TAO,SHORT,futures,TIME_EXIT,6.93,,,,,,,,,,
2026-08-09 08:17:35,HMSTR,SHORT,futures,SL,-9.8,,,,,,,,,,
2026-08-09 12:06:30,SAGA,SHORT,futures,FLT15,90.15,,,,,,,,,,
2026-08-09 12:17:31,TUT,SHORT,futures,SL,-9.8,,,,,,,,,,
2026-08-09 12:36:14,DOGE,SHORT,futures,DRIFT,-0.19,,,,,,,,,,
2026-08-09 12:36:30,DYM,SHORT,futures,SL,-9.8,,,,,,,,,,
2026-08-09 12:36:32,RARE,SHORT,futures,SL,-9.8,,,,,,,,,,
2026-08-09 16:17:39,SOLV,SHORT,futures,SL,-9.8,,,,,,,,,,
2026-08-09 16:17:49,POL,SHORT,futures,TIME_EXIT,1.4,,,,,,,,,,
2026-08-09 16:17:51,PARTI,SHORT,futures,SL,-9.8,,,,,,,,,,
2026-08-09 20:06:42,SHELL,SHORT,futures,SL,-9.8,,,,,,,,,,
2026-08-09 20:06:44,CRV,SHORT,futures,SL,-9.8,,,,,,,,,,
2026-08-09 20:06:46,BOME,SHORT,futures,SL,-9.8,,,,,,,,,,
2026-08-09 20:06:52,ADX,SHORT,futures,SL,-9.8,,,,,,,,,,
2026-08-10 00:07:19,BMT,SHORT,futures,SL,-9.8,,,,,,,,,,
2026-08-10 00:17:51,NEIRO,SHORT,futures,SL,-9.8,,,,,,,,,,
2026-08-10 00:17:54,THE,SHORT,futures,TP1,26.32,,,,,,,,,,
2026-08-10 00:18:09,SCR,SHORT,futures,SL,-9.8,,,,,,,,,,
2026-08-10 01:06:31,KERNEL,SHORT,futures,SL,-9.8,,,,,,,,,,
2026-08-10 04:07:40,LISTA,SHORT,futures,SL,-9.8,,,,,,,,,,
2026-08-10 04:18:01,PEOPLE,SHORT,futures,TP1,26.32,,,,,,,,,,
2026-08-10 06:37:35,AVAX,SHORT,futures,DRIFT,-1.39,,,,,,,,,,
2026-08-10 07:07:56,ADA,SHORT,futures,DRIFT,-1.48,,,,,,,,,,
2026-08-10 07:36:16,SUI,SHORT,futures,SL,-2.49,,,,,,,,,,
2026-08-10 08:09:09,MUBARAK,SHORT,futures,SL,-9.8,,,,,,,,,,
2026-08-10 08:09:11,BANANAS31,SHORT,futures,TP1,26.32,,,,,,,,,,
2026-08-10 08:09:13,CGPT,SHORT,futures,TP1,26.32,,,,,,,,,,
2026-08-10 08:09:15,AIXBT,SHORT,futures,TP1,26.32,,,,,,,,,,
2026-08-10 08:09:19,HAEDAL,SHORT,futures,TP1,26.32,,,,,,,,,,
2026-08-10 08:09:22,MEME,SHORT,futures,TP1,26.32,,,,,,,,,,
2026-08-10 12:07:46,ACT,SHORT,futures,SL,-9.8,,,,,,,,,,
2026-08-10 12:07:48,PUMP,SHORT,futures,SL,-9.8,,,,,,,,,,
2026-08-10 12:07:50,NIL,SHORT,futures,TP1,26.32,,,,,,,,,,
2026-08-10 16:09:19,JTO,SHORT,futures,TP1,26.32,,,,,,,,,,
2026-08-10 16:09:21,WLD,SHORT,futures,EXPIRED,EXPIRED,,,,,,,,,,
2026-08-10 16:09:23,PENGU,SHORT,futures,TP1,26.32,,,,,,,,,,
2026-08-10 16:09:25,GUN,SHORT,futures,SL,-9.8,,,,,,,,,,
2026-08-10 16:09:27,QQQB,SHORT,futures,EXPIRED,EXPIRED,,,,,,,,,,
2026-08-10 16:09:29,ZRO,SHORT,futures,TIME_EXIT,11.94,,,,,,,,,,
2026-08-10 16:09:31,ICP,SHORT,futures,SL,-9.8,,,,,,,,,,
2026-08-10 16:09:33,XPL,SHORT,futures,TIME_EXIT,4.92,,,,,,,,,,
2026-08-10 16:39:57,POL,SHORT,futures,TIME_EXIT,15.54,,,,,,,,,,
2026-08-10 20:16:00,BIO,SHORT,futures,TP1,26.32,,,,,,,,,,
2026-08-10 20:17:42,ALT,SHORT,futures,TIME_EXIT,25.35,,,,,,,,,,
2026-08-10 20:17:44,CRV,SHORT,futures,SL,-9.8,,,,,,,,,,
2026-08-10 22:30:45,BTC,SHORT,futures,EXPIRED,EXPIRED,,,,,,,,,,
2026-08-11 00:10:53,PHA,SHORT,futures,SL,-9.8,,,,,,,,,,
2026-08-11 04:12:09,PAXG,SHORT,futures,TIME_EXIT,4.5,,,,,,,,,,
2026-08-11 04:12:11,FF,SHORT,futures,TP1,26.32,,,,,,,,,,
2026-08-11 04:12:13,OP,SHORT,futures,TIME_EXIT,4.1,,,,,,,,,,
2026-08-11 04:12:15,ARB,SHORT,futures,TIME_EXIT,13.97,,,,,,,,,,
2026-08-11 04:17:57,XAUT,SHORT,futures,TIME_EXIT,4.89,,,,,,,,,,
2026-08-11 08:17:56,PROM,SHORT,futures,TP1,26.32,,,,,,,,,,
2026-08-11 08:18:01,WLFI,SHORT,futures,EXPIRED,EXPIRED,,,,,,,,,,
2026-08-11 08:42:50,APT,SHORT,futures,DRIFT,0.4,,,,,,,,,,
2026-08-11 08:43:02,CVX,SHORT,futures,EXPIRED,EXPIRED,,,,,,,,,,
2026-08-11 08:43:03,TOWNS,SHORT,futures,TP1,26.32,,,,,,,,,,
2026-08-11 12:08:28,RAD,SHORT,futures,SL,-9.8,,,,,,,,,,
2026-08-11 12:08:33,PUMP,SHORT,futures,SL,-9.8,,,,,,,,,,
2026-08-11 12:08:35,LINK,SHORT,futures,SL,-9.8,,,,,,,,,,
2026-08-11 12:08:37,SNDKB,SHORT,futures,EXPIRED,EXPIRED,,,,,,,,,,
2026-08-11 12:08:39,SNXXB,SHORT,futures,EXPIRED,EXPIRED,,,,,,,,,,
2026-08-11 16:15:21,LA,SHORT,futures,TP1,26.32,,,,,,,,,,
2026-08-11 16:17:07,0G,SHORT,futures,SL,-9.8,,,,,,,,,,
2026-08-12 12:15:09,GMX,LONG,futures,TP1,25.0,,,,,,,,,,
2026-08-12 12:15:55,LTC,LONG,futures,SL,-2.5,,,,,,,,,,
2026-08-12 12:16:43,ETH,SHORT,futures,SL,-2.49,,,,,,,,,,
2026-08-12 12:19:05,DOGE,SHORT,futures,EXPIRED,EXPIRED,,,,,,,,,,
2026-08-12 17:10:33,GRT,LONG,futures,SL,-2.52,,,,,,,,,,
2026-08-13 02:33:07,VIRTUAL,SHORT,futures,EXPIRED,EXPIRED,,,,,,,,,,
2026-08-13 15:00:23,BTC,SHORT,futures,EXPIRED,EXPIRED,,,,,,,,,,
2026-08-14 04:15:46,EDEN,SHORT,futures,SL,-9.8,,,,,,,,,,
2026-08-14 04:45:17,ETHFI,SHORT,futures,SL,-9.8,,,,,,,,,,
2026-08-14 05:18:19,ATOM,SHORT,futures,SL,-9.8,,,,,,,,,,
2026-08-14 09:45:27,SCRT,SHORT,futures,SL,-9.8,,,,,,,,,,
2026-08-14 12:10:33,ETC,LONG,futures,SL,-2.5,,,,,,,,,,
2026-08-14 15:15:14,BTC,SHORT,futures,EXPIRED,EXPIRED,,,,,,,,,,
2026-08-14 16:14:19,ORDI,SHORT,futures,EXPIRED,EXPIRED,,,,,,,,,,
2026-08-14 22:38:11,INJ,LONG,futures,TP1,5.0,,,,,,,,,,
2026-08-15 08:13:05,SOL,LONG,futures,EXPIRED,EXPIRED,,,,,,,,,,
2026-08-15 15:30:19,BTC,SHORT,futures,EXPIRED,EXPIRED,,,,,,,,,,
2026-08-15 16:39:13,ORDI,SHORT,futures,SL,-2.49,,,,,,,,,,
2026-08-16 06:08:08,AVAX,LONG,futures,TP1,5.0,,,,,,,,,,
2026-08-16 15:44:00,KAITO,LONG,futures,SL,-10.0,,,,,,,,,,
2026-08-16 17:44:38,FET,LONG,futures,SL,-10.0,,,,,,,,,,
2026-08-17 07:08:56,INJ,LONG,futures,TIME_EXIT,1.4,,,,,,,,,,
2026-08-17 08:08:11,ETHFI,SHORT,futures,TIME_EXIT,12.71,,,,,,,,,,
2026-08-18 07:14:13,COMP,SHORT,futures,TIME_EXIT,7.93,,,,,,,,,,
2026-08-18 12:11:30,MORPHO,SHORT,futures,SL,-9.8,,,,,,,,,,
2026-08-18 20:15:32,PENDLE,SHORT,futures,TIME_EXIT,15.18,,,,,,,,,,
2026-08-19 07:15:29,POL,SHORT,futures,TIME_EXIT,0.91,,,,,,,,,,
2026-08-19 21:49:55,CAKE,SHORT,futures,SL,-9.8,,,,,,,,,,
2026-08-21 00:17:21,SCRT,LONG,futures,SL,-10.0,,,,,,,,,,
2026-08-21 04:49:59,FIL,SHORT,futures,SL,-2.49,,,,,,,,,,
2026-08-21 04:50:05,NEAR,SHORT,futures,SL,-2.49,,,,,,,,,,
2026-08-21 07:53:51,ETH,SHORT,futures,SL,-9.8,,,,,,,,,,
2026-08-21 16:41:42,BTC,SHORT,futures,TIME_EXIT,8.72,,,,,,,,,,
2026-08-21 16:41:49,SKY,SHORT,futures,SL,-9.8,,,,,,,,,,
2026-08-22 20:00:00,BTC,LONG,futures,TIME_EXIT,7.35,,,,,,,,,,
2026-08-22 23:10:02,AAVE,SHORT,futures,SL,-9.8,,,,,,,,,,
2026-08-22 23:12:18,BTC,LONG,futures,TIME_EXIT,1.37,,,,,,,,,,
2026-08-24 12:41:02,AAVE,SHORT,futures,TP1,25.02,,,,,,,,,,
2026-08-24 16:09:47,SEI,SHORT,futures,SL,-2.48,,,,,,,,,,
2026-08-24 16:09:55,DYDX,SHORT,futures,SL,-2.49,,,,,,,,,,
2026-08-24 19:25:29,AAVE,LONG,futures,SL,-7.5,,,,,,,,,,
2026-08-24 20:36:33,SOL,LONG,futures,TP1,25.0,,,,,,,,,,
2026-08-24 22:54:44,ZEC,SHORT,futures,TP1,25.0,,,,,,,,,,
2026-08-25 09:29:48,PENGU,SHORT,futures,SL,-9.8,,,,,,,,,,
2026-08-25 11:27:00,SOL,SHORT,futures,TP1,25.0,,,,,,,,,,
2026-08-25 21:06:32,HEMI,LONG,futures,SL,-10.0,,,,,,,,,,
2026-08-26 00:38:30,JASMY,SHORT,futures,SL,-9.8,,,,,,,,,,
2026-08-26 14:12:57,BOME,LONG,futures,SL,-10.0,,,,,,,,,,
2026-08-26 14:14:26,DOT,LONG,futures,SL,-10.0,,,,,,,,,,
2026-08-27 07:06:37,GRAM,LONG,futures,TIME_EXIT,4.55,,,,,,,,,,
2026-08-27 07:07:00,ARB,LONG,futures,EXPIRED,EXPIRED,,,,,,,,,,
2026-08-27 17:34:30,WIF,SHORT,futures,SL,-2.49,,,,,,,,,,
2026-08-27 17:34:59,PEOPLE,LONG,futures,EXPIRED,EXPIRED,,,,,,,,,,
2026-08-27 18:58:38,XPL,LONG,futures,EXPIRED,EXPIRED,,,,,,,,,,
2026-08-27 20:36:39,PAXG,LONG,futures,EXPIRED,EXPIRED,,,,,,,,,,
2026-08-28 16:15:03,UNI,SHORT,futures,TP1,26.32,,,,,,,,,,
2026-08-28 16:16:12,TRX,SHORT,futures,TIME_EXIT,4.28,,,,,,,,,,
2026-08-29 10:09:11,ROBO,SHORT,futures,SL,-9.8,,,,,,,,,,
2026-08-29 14:40:37,XAUT,LONG,futures,EXPIRED,EXPIRED,,,,,,,,,,
2026-08-29 14:40:48,HUMA,LONG,futures,SL,-10.0,,,,,,,,,,
2026-08-29 14:41:11,APT,LONG,futures,TIME_EXIT,5.5,,,,,,,,,,
2026-08-31 14:47:24,BOME,LONG,futures,,,,,,,,,,,,
2026-08-31 14:47:42,PAXG,LONG,futures,,,,,,,,,,,,
2026-08-31 14:48:14,PEPE,LONG,futures,,,,,,,,,,,,
2026-08-31 14:48:43,ETC,LONG,futures,,,,,,,,,,,,
2026-08-31 14:48:57,OP,LONG,futures,,,,,,,,,,,,
2026-08-31 14:49:13,FLOKI,LONG,futures,,,,,,,,,,,,
2026-08-31 17:34:36,CFG,LONG,futures,,,,,,,,,,,,
2026-08-31 17:34:51,TIA,LONG,futures,,,,,,,,,,,,
2026-08-31 17:35:42,XAUT,LONG,futures,,,,,,,,,,,,
